variant,age,sex,2022,2023,2024,2025,2026,2027,2028,2029,2030,2031,2032,2033,2034,2035,2036,2037,2038,2039,2040,2041,2042,2043,2044,2045,2046,2047
migration_category,0,1,305081,292898.00100000005,294386.00600000005,295784.999,295230.992,294189.996,293510.985,293422,293561.003,293796.999,294110.98800000007,294674.9969999999,295568,296652.99999999994,297900.99799999996,299339.001,300973.99600000004,302680.001,304319.001,305837.998,307214.003,308250.007,308863.00399999996,309189.002,309257.002,309113.99999999994
migration_category,0,2,291308,278859.003,280279.99199999997,281660.99500000005,281135.994,280143.005,279495.995,279410.004,279541.005,279766.003,280063.01,280599,281450.006,282482.003,283670.004,285037.003,286594.996,288221.00299999997,289779.001,291226.00100000005,292534.995,293520.99999999994,294103.9929999999,294412.999,294479.99299999996,294343.00499999995
migration_category,1,1,303201,309600.00099999993,296739.98900000006,296474.99499999994,297512.003,296955.007,296007.001,295431.996,295383.997,295523.993,295762.997,296080.0040000001,296645.996,297541.006,298627.00200000004,299876.99799999996,301315.999,302950.9959999999,304657.997,306297.008,307816.993,309193.998,310231.005,310844.0060000001,311170.99900000007,311242.003
migration_category,1,2,289614,295141.003,282085.00099999993,281985.99899999995,283044.99500000005,282516.994,281613.9909999999,281067.00299999997,281019.00899999996,281154.001,281381.004,281680,282219.012,283071.996,284104.996,285292.999,286661.999,288220.001,289846.00200000004,291404.99899999995,292852.00299999997,294161.00200000004,295147.99299999996,295731.99999999994,296042.98899999994,296111.004
migration_category,2,1,314338,308907.00299999997,314404.0029999999,299335.003,298606.99199999997,299634.00100000005,299202.995,298397.99700000003,297876.005,297828.996,297969.01,298208.994,298526.9970000001,299094.99999999994,299987.98799999995,301074.994,302325.006,303763.99400000006,305398.99799999996,307105.99399999995,308743.00099999993,310261.997,311641.004,312677.997,313288.999,313619.002
migration_category,2,2,300486,294619.006,299344.99899999995,284336.00800000003,283825.012,284874.99500000005,284461.0019999999,283688.9970000001,283191.01,283144,283280.001,283508.00100000005,283807.99700000003,284347.999,285199.99999999994,286233.998,287421.00200000004,288790.007,290348.99600000004,291972.9930000001,293533.006,294978.004,296288,297276.00000000006,297858.994,298170.99999999994
migration_category,3,1,320870,318886.009,312525.002,316033.998,300506.996,299769.002,300963.00299999997,300725.00600000005,299990.001,299468.007,299422.99899999995,299564.003,299805.0090000001,300123.004,300691.00000000006,301583.0040000001,302670.00399999996,303920.993,305359.006,306993.99900000007,308699.008,310336.00299999997,311856.002,313233.9910000001,314270.00499999995,314881.9939999999
migration_category,3,2,305485,304576.00499999995,297884.001,300830.00100000005,285412.994,284891.99100000004,286091.00099999993,285846.997,285135.99799999996,284640.00000000006,284591.993,284730.996,284958.00500000006,285259.99600000004,285798.007,286650.99400000006,287683.99,288873,290241,291798.007,293422.0040000001,294980.999,296426.988,297737.005,298724.99299999996,299307.99700000003
migration_category,4,1,324786,325046.011,322116.01199999993,313843,316889.0019999999,301349.998,300800.999,302204.989,302043.99199999997,301309.006,300788.99500000005,300745.001,300885.99600000004,301127.004,301444.99499999994,302013.00599999994,302903.99600000004,303992.99499999994,305244.007,306680.99499999994,308313.9980000001,310019.999,311656.00500000006,313173.99799999996,314552.00600000005,315588.997
migration_category,4,2,310206,309213.001,307462.99700000003,299064.008,301599.003,286171.00099999993,285816.999,287201.99400000006,287024.994,286314.9910000001,285820.009,285773.00200000004,285911.99700000003,286139.997,286442.002,286979.999,287833.00500000006,288866.99,290055.9980000001,291423.00000000006,292978.99999999994,294601.994,296160.99499999994,297605.99700000003,298917.01300000004,299906.001
migration_category,5,1,332687,328782.998,328121.007,323352,314636.00700000004,317664.0019999999,302311.9919999999,301972,303451.998,303291.997,302558.00200000004,302039.011,301994.00299999997,302136.012,302378.006,302696.00000000006,303263.004,304154.99000000005,305244.997,306494.001,307931.0020000001,309565.0060000001,311270.0060000001,312904.999,314422.99199999997,315801.00099999993
migration_category,5,2,318012,313787.995,311979.993,308589.003,299796.9980000001,302318.998,287052.9989999999,286881.99400000006,288333.007,288156.99600000004,287446.99799999996,286952.00499999995,286907.004,287045.998,287273.00899999996,287575.99100000004,288115.00399999996,288966.99799999996,290001.999,291189.992,292555.9870000001,294112.99,295735.00700000004,297294.005,298738.006,300049.0040000001
migration_category,6,1,342680,336578.0049999999,331788.99700000003,329349.00500000006,324151.99,315422.996,318625.0039999999,303472.999,303206.99400000006,304689.99999999994,304530.009,303797,303277.999,303233.998,303376.011,303618.00000000006,303935.99600000004,304504.01,305395.99999999994,306484.996,307734.007,309170.002,310804,312508.00299999997,314143.99299999996,315661.00299999997
migration_category,6,2,326420,321388.00299999997,316399.001,313051.00299999997,309289.00100000005,300487.99700000003,303159.99199999997,288064.99,287958.008,289410.00299999997,289233.995,288525.00800000003,288031.002,287985.997,288124.99499999994,288353.0069999999,288656,289195.99600000004,290045.99899999995,291082.005,292268.998,293636,295192,296814.00499999995,298372.008,299815.99
migration_category,7,1,339519,346436.99500000005,339504.00599999994,333022.00599999994,330178.99600000004,324969.00099999993,316403.007,319788.01,304703.002,304442.997,305926.00800000003,305766.99700000003,305033.99700000003,304516.00800000003,304471.998,304614.997,304857.00500000006,305173.998,305743.002,306635.00100000005,307723.00100000005,308971.99900000007,310408.00599999994,312041.002,313746.001,315380.997
migration_category,7,2,324199,329678.004,323929.004,317476.0040000001,313778.993,310006.98799999995,301345.994,304175.99499999994,289138.998,289034.99900000007,290486.996,290311.98600000003,289601.99900000007,289109.003,289063.99700000003,289205.00299999997,289432.005,289734.99700000003,290274,291126.00100000005,292160.99700000003,293347.998,294714.002,296269.997,297893.002,299449.987
migration_category,8,1,341572,343025.0030000001,349184.9969999999,340689.9980000001,333841.00399999996,330988.00200000004,325921.99399999995,317522.00399999996,320965,305885.004,305628.99100000004,307111.99500000005,306953.987,306221.00600000005,305704.001,305660.001,305803,306044.99899999995,306362.9959999999,306931.004,307823.00200000004,308912.00399999996,310160.00200000004,311596.00800000003,313228.001,314934.00100000005
migration_category,8,2,326397,327352.993,332168.999,325031.998,318256.996,314550.001,310901.99899999995,302382.99899999995,305264.999,290231.006,290129.002,291580.995,291406.00399999996,290697.997,290205,290160.9999999999,290300.00000000006,290527.003,290831.99299999996,291371.00100000005,292223.003,293258.001,294444.004,295809.99600000004,297365.999,298988.005
migration_category,9,1,351180,344825.00200000004,345582.99100000004,350298.003,341463.998,334609.0040000001,331885.999,326970.00399999996,318628.0080000001,322071.00200000004,306995.008,306742,308227.004,308069.004,307335.997,306818.996,306776,306920.00099999993,307161.995,307479.007,308046.999,308938.989,310027.0040000001,311274.994,312712.003,314343.99799999996
migration_category,9,2,334323,329363.00099999993,329716.99199999997,333240.99499999994,325809.003,319026.00100000005,315428.99499999994,311907.994,303436.994,306320.99999999994,291289.989,291190.0090000001,292641.99700000003,292468.002,291760.998,291269.004,291223.00399999996,291361.99799999996,291590.999,291895.00399999996,292434.9999999999,293287.00399999996,294321.00600000005,295507.005,296872.99999999994,298429.00600000005
migration_category,10,1,360252,354336.01200000005,347336.997,346723.99600000004,351116.994,342275.99999999994,335541.00800000003,332952.995,328088.0019999999,319749.988,323193.009,308120.01300000004,307871.00399999996,309356.994,309199.002,308465.006,307950.99600000004,307907.999,308051.99999999994,308292.991,308610.003,309177.995,310070.988,311159.003,312405.98699999996,313843.00200000004
migration_category,10,2,343941,337204.99799999996,331692.99900000007,330827.001,334072.00899999996,326633.00800000003,319948,316463.003,312982.001,304515.992,307400.991,292373.996,292275.999,293728,293555.003,292847.989,292356.00299999997,292310.006,292450.00200000004,292678.99,292983,293525.00299999997,294375.99700000003,295409.003,296595.005,297961.002
migration_category,11,1,361384,363329.99900000007,356818.006,348509.999,347601.0020000001,351984.005,343248.00099999993,336635.994,334092.00299999997,329230.999,320897.00399999996,324341.00800000003,309270.9930000001,309024.99400000006,310513.003,310354.00100000005,309621.007,309106.995,309065.009,309208.00899999996,309449.9940000001,309765.99100000004,310335.00800000003,311226.998,312314.001,313562.00000000006
migration_category,11,2,343683,346655.00299999997,339409.997,332758.00000000006,331635.99399999995,334872.003,327520.999,320935.00200000004,317489.00299999997,314011.00399999996,305548.00099999993,308435.999,293412.00100000005,293315.99199999997,294769.99700000003,294596.002,293889.99799999996,293398.005,293352.004,293494.00499999995,293721.99999999994,294026.99799999996,294567.99799999996,295418.00100000005,296451.008,297635.99100000004
migration_category,12,1,356627,364323.00299999997,365705.001,357949.00600000005,349363.98999999993,348448.997,352925.00200000004,344300.00099999993,337732.0010000001,335191.99199999985,330333.00299999997,322004.00399999996,325450.00500000006,310384.002,310141.00800000003,311629.01100000006,311470.00600000005,310738.00999999995,310223.9959999999,310182.006,310326.00000000006,310566.99900000007,310884.005,311453.00000000006,312344.005,313430.99999999994
migration_category,12,2,339745,346277.994,348762.99400000006,340430,333536,332408.00200000004,335723.99400000006,328467.99700000003,321916.998,318474.988,314998.99700000003,306539.995,309430.00500000006,294408.998,294315.003,295769.995,295598.003,294890.99900000007,294397.99399999995,294351.998,294496.011,294724.00000000006,295028.002,295569,296419.007,297451.995
migration_category,13,1,353934,359538.99399999995,366711.00000000006,366892.005,358874.996,350286.996,349456.007,354027.0010000001,345440.01,338877.003,336338.999,331484.005,323159.013,326606.001,311545.002,311305.00599999994,312791.98799999995,312633.995,311903.002,311388.999,311347.006,311492.00200000004,311732.99799999996,312050.005,312618.001,313510.00899999996
migration_category,13,2,337221,342370.99000000005,348443.003,349859,341292.005,334398.006,333341,336737.00200000004,329512.0040000001,322966.9960000001,319527.00200000004,316052.99500000005,307599.00399999996,310491.00499999995,295470.996,295382.0040000001,296836.99700000003,296664.996,295958.005,295463.995,295421.0010000001,295564,295791.989,296095.99899999995,296636.994,297487.004
migration_category,14,1,357058,357217.001,362310.99499999994,368214.99500000005,368129.005,360111.00000000006,351594.9979999999,350844,355444.00100000005,346860.996,340302.002,337767.99799999996,332916.0120000001,324594.99799999996,328043.0040000001,312987.003,312749.005,314236.00299999997,314077.99799999996,313346.995,312834.006,312792.9969999999,312938.99700000003,313179.99899999995,313496,314065.004
migration_category,14,2,340444,340091.00399999996,344802.00299999997,349771.00200000004,350957.00700000004,342389.001,335556.00800000003,334565.0070000001,337984.997,330762.99700000003,324221.003,320785.00499999995,317313.00000000006,308863.996,311756.0029999999,296741.004,296652.99499999994,298107.99700000003,297936.00100000005,297229.998,296737.99700000003,296694.00099999993,296837.00899999996,297063.99700000003,297367.994,297910.00299999997
migration_category,15,1,344199,360794.0029999999,360432.99600000004,364153.005,369777.00800000003,369687.00099999993,361732.9910000001,353287.00200000004,352563.008,357164.002,348585.002,342030,339499.005,334650.005,326332.996,329783.99799999996,314730.997,314495.99500000005,315981.996,315823.998,315093.999,314582.994,314542.997,314689.001,314927.99400000006,315244.996
migration_category,15,2,326783,343681.00100000005,342887.00000000006,346417.0049999999,351148.00100000005,352331.00499999995,343814.004,337038.99600000004,336069.99799999996,339490.00099999993,332269.995,325731.99799999996,322298.003,318830.00099999993,310384.001,313278.99199999997,298264.004,298178.00800000003,299633,299463.00200000004,298755.99400000006,298265.0029999999,298221.0020000001,298363.99700000003,298590.999,298896.007
migration_category,16,1,338370,348473.003,364522.00199999986,362644.99899999995,366067.994,371687.985,371653.0020000001,363760.99500000005,355340.995,354621.01499999996,359222.0019999999,350647.9939999999,344097.003,341567.0080000001,336722.008,328411.0119999999,331860.998,316814.0040000001,316581,318066.00499999995,317909.01,317180.011,316668.99700000003,316629.99199999997,316776.001,317015
migration_category,16,2,320332,330428.99600000004,346866.99799999996,344789.9989999999,348070.01,352798.99899999995,354023.991,345557.001,338802.001,337834.992,341256.00499999995,334038.002,327502.997,324072,320606.00500000006,312163.9959999999,315060.003,300048.001,299964,301420.00599999994,301249.0080000001,300542.995,300052.003,300009.002,300152.004,300380.002
migration_category,17,1,340215,344002.99100000004,353421.008,367516.99999999994,365263.0030000001,368683.999,374365.00899999996,374403.001,366539.00299999997,358124.0049999999,357406.99100000004,362008.00300000014,353439.002,346892.003,344364.997,339524.001,331215.00100000005,334665.999,319624.00600000005,319391.005,320876.005,320719.00200000004,319992,319481.9959999999,319443.0099999999,319589.99799999996
migration_category,17,2,319237,324912,334448.99799999996,349298.003,346915.006,350192.99899999995,354969.008,356251.99499999994,347807.993,341056.007,340091.005,343512.992,336297.001,329764.99999999994,326336.00800000003,322870.99600000004,314433.99899999995,317329.99799999996,302322.003,302237.99700000003,303693.00299999997,303524.00100000005,302818.006,302328.007,302283.99600000004,302426.99900000007
migration_category,18,1,341672,349753.99999999994,352418.005,358561.99799999996,372030.0009999999,369765.99899999995,373281.00100000005,379065.003,379139,371281.98800000007,362876.00399999996,362164.0089999999,366765.007,358203.00100000005,351663.991,349141.004,344306,336002.999,339457.998,324418.0019999999,324192.008,325676.99899999995,325522.01200000005,324794.00499999995,324286.004,324247.9959999999
migration_category,18,2,320850,327313.99900000007,332052.9969999999,338847.9980000001,353171.997,350784.00899999996,354137.004,358995.998,360312.00099999993,351869.994,345121.00399999996,344158.999,347581.992,340368.011,333839.9949999999,330412.99900000007,326949.993,318516.989,321414.0020000001,306409.003,306326.00700000004,307782.00299999997,307613.00800000003,306907.00299999997,306416.006,306372
migration_category,19,1,339162,358093.99799999996,364346.99500000005,361364.997,366458.00299999997,379914.004,377754.99600000004,381397.99400000006,387226.9930000001,387288.997,379455.9979999999,371066.99399999995,370367.002,374971.99500000005,366418.003,359905.00099999993,357393.00100000005,352575.001,344295.99900000007,347763.00399999996,332721.001,332517.99899999995,334006.00299999997,333846.9960000001,333118.995,332611.00599999994
migration_category,19,2,319276,335522.00499999995,340464.00000000006,340324.99299999996,346206.99900000007,360531.9980000001,358240.99600000004,361706.003,366590.99700000003,367923.004,359481.004,352736.00399999996,351780.0020000001,355211,347998.995,341482.0019999999,338063,334596.99199999997,326171.00200000015,329070.99499999994,314081.005,313979.00200000004,315432.998,315258.006,314546.992,314051.003
migration_category,20,1,338319,357876.0040000001,374572.00399999996,374268.997,370044.993,375130.008,388736.999,386758.9919999999,390470.00299999997,396283.00800000003,396354.007,388543.0020000001,380174.998,379485.00499999995,384093.00100000005,375563.00200000004,369069.98999999993,366572.99900000007,361780.99600000004,353531.01900000003,356991.99700000003,341970.00200000004,341784.008,343268.003,343107.00600000005,342378.9880000001
migration_category,20,2,324981,335957.004,350293.999,349535.00500000006,348300.00099999993,354181.00500000006,368657.00499999995,366537,370057.996,374947.99499999994,376283.00399999996,367840.9860000001,361107.0039999999,360167.003,363597.9979999999,356390.99000000005,349893.003,346472.993,343015.998,334597.01,337519.002,322513.99999999994,322407.999,323857.00600000005,323674.0040000001,322957.99899999995
migration_category,21,1,338389,354458.99700000003,371602.993,382289.003,380743.00099999993,376497.99700000003,381887.9969999999,395834.995,393987.9860000001,397699.9910000001,403503.001,403584.99600000004,395787.001,387427.0050000001,386741.999,391349.99899999995,382838.99999999994,376351.99700000003,373859.9989999999,369080.002,360843.008,364295.994,349290.99500000005,349101.00599999994,350584.001,350421.99899999995
migration_category,21,2,327164,338910.992,347729.995,356831.005,354968.0029999999,353707.9909999999,359881.993,374680.9970000001,372691.0040000001,376202.99799999996,381098.00399999996,382432.011,373996.005,367271.0040000001,366333.991,369760.005,362564.994,356072.0030000001,352656.998,349203.005,340794.99900000007,343717.99199999997,328715.002,328605.999,330053.00399999996,329867.994
migration_category,22,1,345333,354207.999,367372.005,378161.99000000005,387410.005,385822,382079.99999999994,388039.00099999993,402198.011,400365,404077.998,409882.0069999999,409974.99799999996,402176.99399999995,393814.992,393130.00299999997,397740.99799999996,389237.99199999997,382742.998,380249.0029999999,375464.996,367227.0040000001,370671.99600000004,355670.995,355466.995,356946.99600000004
migration_category,22,2,333718,343052.00099999993,351985.993,354553.00399999996,362243.99900000007,360333.0049999999,359542.004,366250.0000000001,381248.00100000005,379274.0020000001,382781.0040000001,387683.005,389020.00700000004,380585.9970000001,373855,372912.994,376338.003,369147.997,362648.002,359228.999,355768.998,347358.00100000005,350271.004,335270.99400000006,335152.00700000004,336598.007
migration_category,23,1,358405,364280.004,369346.00399999996,374644.00100000005,383572.0010000001,392765.00100000005,391886.99600000004,388961.00000000006,395216.99700000003,409390.00399999996,407578.00700000004,411291.997,417102.99000000005,417204.99700000003,409400,401031.008,400341.999,404954.99400000006,396454.001,389945,387439.998,382648.00200000004,374399.00100000005,377835.99,362831.9930000001,362605.0019999999
migration_category,23,2,350933,355226.00200000004,360485.99899999995,360741.006,361286.00000000006,368904.00299999997,367710.997,367748.98899999994,374765.9999999999,389782.99600000004,387824.998,391329.99500000005,396242.0050000001,397581.00999999995,389142.005,382399.001,381448.004,384876.99299999996,377681.99299999996,371165.00099999993,367734.99899999995,364266.00299999997,355839.9910000001,358743,343738.01,343606.993
migration_category,24,1,360393,376556.00299999997,377987.00099999993,374731.9980000001,377905.99600000004,386753.004,396890.00100000005,397086.9970000001,394552.004,400812.007,415002.995,413211.99600000004,416925.99899999995,422747.005,422854.00100000005,415040.003,406662.00100000005,405970.00299999997,410587.99499999994,402082.99799999996,395558.004,393044.00100000005,388239.99999999994,379977.00399999996,383411,368396.9959999999
migration_category,24,2,358919,369982.00100000005,369356.99599999987,365630,363549.005,363988.00200000004,372663.0019999999,372682.007,373162.006,380187.0040000001,395225.997,393276.99799999996,396787,401704.99199999997,403044.998,394601.003,387844.9919999999,386886.994,390318.00299999997,383111.99600000004,376580.99900000007,373142.0050000001,369664.00600000005,361220.9970000001,364115.99700000003,349105.01
migration_category,25,1,365952,375210.995,387141.9969999999,381176.9900000001,375940.99700000003,379010.001,388822.99700000003,400056.9980000001,400647.997,398115.998,404379.003,418584.001,416806.995,420522.0029999999,426350.99600000004,426461.00600000005,418639.99799999996,410259.00099999993,409566.001,414187.99199999997,405677.00299999997,399142.9980000001,396621.99999999994,391810,383538,386968.999
migration_category,25,2,368166,373471.99799999996,380030.9999999999,371796.99900000007,365980.00000000006,363782.99700000003,365271.99999999994,375147.00299999997,375591.99999999994,376072.9959999999,383104.99900000007,398159.00100000005,396218.003,399731.99500000005,404652.996,405994.003,397547.001,390780.999,389820.004,393251.998,386037.994,379497.00299999997,376053.0029999999,372568.994,364111.99700000003,367005.0019999999
migration_category,26,1,360458,380923.98899999994,386533.99900000007,391559.99900000007,383854.00800000003,378539.0060000001,382361.005,393048.998,404591.995,405183.99499999994,402654,408919.99500000005,423132.005,421363.007,425078.00499999995,430912.001,431024.0020000001,423203,414821.992,414129.9959999999,418753.0030000001,410241.00500000006,403702.994,401180.001,396364.99799999996,388089.995
migration_category,26,2,364173,383966.99199999997,385567.00600000005,384990.00600000005,374981.004,369082.0059999999,367635.00499999995,369988.007,380169.9929999999,380611.004,381093.9970000001,388129.9959999999,403192.0049999999,401253.996,404770.0040000001,409692.992,411035.0029999999,402585.00299999997,395815.99700000003,394855.0040000001,398286.9969999999,391068.997,384524.00200000004,381079.0030000001,377591.99499999994,369129.005
migration_category,27,1,364247,375711.00299999985,392945.00100000005,391967.994,395410.004,387649.007,382946.9969999999,387466.994,398408.998,409950.00099999993,410540.001,408012.99799999996,414279.99499999994,428491.999,426730.00800000015,430445.00399999996,436282.0040000001,436397.0000000001,428578.004,420201.0020000001,419509.992,424134.01300000004,415624.99799999996,409087.01100000006,406564.00200000004,401749.9949999999
migration_category,27,2,374196,380483.00299999997,397015.997,391758.0100000001,389575.99700000003,379512.006,374204.007,373431.009,376028.00100000005,386206.999,386647.003,387132.997,394169.00200000004,409230.996,407292.00600000005,410810.00299999997,415731.999,417073.99899999995,408624.99800000014,401858.996,400899.993,404330.999,397112.98900000006,390570.007,387126.99600000016,383641.004
migration_category,28,1,372730,379361.99700000003,387821.996,398694.99799999996,396230.98899999994,399621.99199999997,392406.00299999997,388323.9929999999,393062.996,404006.99899999995,415538.9969999999,416126.997,413604.99499999994,419872.002,434080.9910000001,432322.00100000005,436039.00099999993,441876.0060000001,441992.00599999994,434178.9969999999,425807.993,425119.0099999999,429744.005,421238.00099999993,414704.00200000004,412184.01000000007
migration_category,28,2,387653,390098.999,393371.997,403350.99399999995,396591.003,394361.0019999999,384823.005,380113.00200000004,379554.00100000005,382151.006,392328.00200000004,392767.994,393254.002,400288.998,415345.004,413406.00800000003,416923.99999999994,421844.99500000005,423185.99500000005,414741.999,407980.99399999995,407022.995,410453.99500000005,403238.997,396700.99199999997,393261.0020000001
migration_category,29,1,372891,387382.99100000004,391154.99799999996,393472.0030000001,402919.994,400409.996,404301.9909999999,397669.994,393799,398538.00100000005,409475.998,421000.00000000006,421589.00499999995,419071.001,425335.00700000004,439536.99799999996,437782.01399999997,441499.00099999993,447335.9910000001,447453.9980000001,439649.99600000016,431285.0140000001,430599,435224.999,426725.003,420196.99500000005
migration_category,29,2,390804,402651.00000000006,402276.9950000001,399379.99799999996,407944.00100000005,401137.0019999999,399394.0079999999,390408.99299999996,385901.00299999997,385344,387941.00500000006,398115.006,398554.995,399043.006,406076.00499999995,421124.002,419181.006,422702.009,427619.9999999999,428962,420523.001,413766.996,412813.00100000005,416244.002,409032.0019999999,402499.9879999999
migration_category,30,1,383766,386861.004,398624.001,396529.0049999999,397489.99899999995,406886.0019999999,404857.993,409296.99400000006,402866.9980000001,398999.9969999999,403736.99600000004,414669.996,426184.99899999995,426777.989,424263.00800000003,430523.99799999996,444717.995,442966.0080000001,446684,452520.997,452640.999,444843.999,436487.992,435805.0000000001,440430.996,431939.00399999996
migration_category,30,2,404450,404587.995,413835.0040000001,407749.00099999993,403555.00000000006,412071.006,405704.997,404469.994,395670.996,391168.9980000001,390614.9979999999,393210.99299999996,403380.99700000003,403824.999,404314.006,411342.994,426380.99999999994,424434.005,427956.0019999999,432870.997,434213.001,425778.99899999995,419032.98999999993,418084.0019999999,421512.995,414306.996
migration_category,31,1,389571,397065.99499999994,397573.001,403729.999,400346.01300000004,401266.005,411109.9940000001,409600.9989999999,414225.0020000001,407797.99999999994,403934.00899999996,408671.006,419597.00399999996,431104.99000000005,431701.009,429189.9969999999,435447.998,449633.003,447883.0029999999,451601.9970000001,457438.00299999985,457559.99799999996,449772.0090000001,441425.9970000001,440745.99399999995,445373.99100000004
migration_category,31,2,411089,417134.9960000001,414875.01099999994,418828.00499999995,411543.00100000005,407315.99799999996,416231.0039999999,410328.99500000005,409264.995,400471.99700000003,395975.997,395426.00099999993,398020.00499999995,408188.99799999996,408634.999,409125.992,416150.999,431175.004,429224.006,432747.00100000005,437658.0130000001,439000.003,430574.00700000004,423837.99299999996,422894.001,426322.01
migration_category,32,1,387673,401649.003,406701.99999999994,402007.99899999995,406953.9979999999,403533.99900000007,404894.00499999983,415228.0069999999,413901.00399999996,418522.005,412099.00299999997,408242.00000000006,412977.00599999994,423894.993,435393.0099999999,435993.999,433486,439740.9960000001,453915.00500000006,452165.00200000004,455884.999,461719.0010000001,461843,454065.999,445731.9939999999,445056.99999999994
migration_category,32,2,413311,422370.00200000004,426203.99700000003,419158.00700000004,422011.9980000001,414697.99899999995,410859.00499999995,420203.0040000001,414458.9970000001,413400.00800000003,404612.995,400125,399577.004,402170.00800000003,412336.99499999994,412786.006,413276.997,420296.99600000004,435308.001,433354.999,436878.989,441785.99500000005,443128.0080000001,434709.999,427984.99799999996,427045
migration_category,33,1,384614,398284.005,409985.998,410315.99699999986,404518,409426.998,406434.00100000005,408274.99700000003,418772,417445.99800000014,422066.002,415647.9969999999,411794.01099999994,416530.00000000006,427437.99700000003,438926.99199999997,439532.003,437028.998,443280.00000000006,457440.99799999996,455693.003,459414.0080000001,465242.99499999994,465369.99899999995,457606.9999999999,449283.9959999999
migration_category,33,2,411611,423091.99299999996,430151.00100000005,429731.992,421706.9989999999,424532.007,417581.0039999999,414151.981,423634.9980000001,417894.006,416838.00100000005,408058.997,403578.008,403032,405624.996,415788.992,416240.98400000005,416732.9909999999,423748.003,438745.997,436791.004,440314.00600000005,445217.9970000001,446560.99699999986,438151.00200000004,431435.992
migration_category,34,1,387872,394500.995,406046.99999999994,413319.006,412609.99199999997,406788.998,412093.0069999999,409552.99499999994,411558.002,422042.997,420721.998,425338.99600000004,418924.99400000006,415076.99399999995,419814.99600000004,430711.999,442191.99900000007,442800.9950000001,440303.003,446551.00399999996,460699.99799999996,458951.99400000006,462673.001,468498.99999999994,468628.99199999997,460878.00299999997
migration_category,34,2,418078,420431.0030000001,430117.00800000003,433322.999,432013.0090000001,423966.00399999996,427113.999,420532.993,417239.999,426716.99700000003,420978.002,419926.00299999997,411153.99499999994,406678.999,406136.99899999995,408729.99199999997,418892.004,419346,419839.99199999997,426849.99899999995,441835.007,439876.993,443400.99399999995,448300.99900000007,449645,441241.99200000014
migration_category,35,1,378778,396914.0009999999,401570.996,409017.00700000004,415315.999,414578.003,409138.998,414861.01,412479.99899999995,414488.00000000006,424963.99799999996,423644.995,428261.00200000004,421850.99199999997,418011.00499999995,422748.99900000007,433635.0079999999,445105.0070000001,445719.0020000001,443226.99900000007,449469.99799999985,463606.99799999996,461860.00200000004,465581.00299999997,471404.0040000001,471537.006
migration_category,35,2,409290,425869.996,426626.9970000001,432881.99899999995,435288.997,433952.00100000005,426196.999,429672.001,423216.00399999996,419929.995,429399.99600000004,423661.99499999994,422614.998,413848.00100000005,409381.014,408844.9980000001,411437.999,421595.999,422052.999,422549.0039999999,429554.99600000004,444527.003,442565,446089.996,450987.00800000003,452330.9949999999
migration_category,36,1,378159,386715.001,403033.99299999984,404001.003,410563.99899999995,416828.007,416439.00099999993,411406.006,417272.00299999997,414898.99400000006,416910.009,427375.99700000003,426059.9990000001,430675.007,424269.999,420437.003,425174.99199999997,436051.00499999995,447511.99899999995,448131.0030000001,445645.01000000007,451885,466009.007,464262.0110000001,467985.009,473805.00599999994
migration_category,36,2,404070,416089.9930000001,431228.004,428937.996,434482.9970000001,436864.007,435781.995,428331.004,431915.9960000001,425468.99100000004,422190.0019999999,431651.99600000004,425918.00499999995,424872.999,416113.997,411655.99700000003,411125.99899999995,413717.001,423872.99299999996,424332.99299999996,424829.99900000007,431832.99899999995,446789.007,444824.994,448352.001,453245.008
migration_category,37,1,377162,385106.005,392012.999,404993.00100000005,405158.9970000001,411691.0029999999,418272.997,418258.00299999997,413371,419238.997,416874.9979999999,418890.0019999999,429344.002,428032.993,432646.99799999996,426247.99899999995,422423.99499999994,427161.99299999996,438027.997,449478.001,450104,447623.0010000001,453859.9930000002,467970.992,466225.999,469948.99600000004
migration_category,37,2,401988,410065.00100000005,420785.0040000001,433172.99199999997,430245.00100000016,435769.995,438381.999,437567.9919999999,430222.99600000004,433815.00299999997,427376.00899999996,424104.00400000013,433559.99899999995,427827.9969999999,426789.00399999996,418038.999,413590.0040000001,413063.997,415655.00100000005,425807.007,426269.9929999999,426768.997,433767.0039999999,448707.99700000003,446744.00399999996,450270.99900000007
migration_category,38,1,365474,383182.005,389621.00000000006,393543.997,405783,405922.99800000014,412752.994,419674.002,419787.004,414918.00200000004,420788.00000000006,418432.00100000005,420450.9970000001,430894.00099999993,429587.99799999996,434199.99400000006,427809.9930000001,423991.9959999999,428733.0010000001,439586.998,451026.998,451658.9960000001,449185.99100000004,455418.001,469515.9950000001,467772.99700000003
migration_category,38,2,389484,407178.001,414099.00700000004,422395.999,434206.003,431260.01,436999.009,439848.99600000004,439121.998,431790.002,435386.006,428956.00200000004,425691.99600000004,435139.99299999996,429412.99999999994,428380.01200000005,419638.9920000001,415197.001,414675.99999999994,417265.999,427415.005,427881.997,428383.00399999996,435377.0040000001,450302,448340.0040000001
migration_category,39,1,366095,370766.001,387094.00200000004,390843.00500000006,394105.994,406305,406724.004,413866.99,420896.99399999995,421019.998,416166.9960000001,422038.00100000005,419691.9980000001,421715.00100000005,432146.99600000004,430846.008,435457.002,429074.012,425266.001,430007.995,440849.997,452280.99999999994,452919.99399999995,450454,456682.0119999999,470767.004
migration_category,39,2,389487,394090.9980000001,410739.99899999995,415486.995,423270.00299999997,435052.999,432300.99600000004,438257.004,441183.001,440457,433138.007,436737.992,430319,427061.991,436502.998,430781.009,429751.99399999995,421018.99399999995,416587.00500000006,416071.00500000006,418661.002,428805.99199999997,429277.0040000001,429780.997,436771.00299999997,451682.98799999995
migration_category,40,1,365716,370628.996,374082.999,388011.003,391169.009,394408.98900000006,406844.00899999996,407551.9930000001,414796.993,421823.99799999996,421956.00200000004,417119.00100000005,422993.0049999999,420657.00600000005,422684.99700000003,433104.99199999997,431809.993,436420.00399999996,430044.999,426248.0060000001,430990.9970000001,441822.00299999997,453243.003,453889.00399999996,451429.9989999999,457654.0069999999
migration_category,40,2,386110,393597.00399999996,397274.005,411948.00600000005,416232.99400000006,423996.00599999994,435939.989,433384.9980000001,439412.99700000003,442336,441613.00100000005,434306.0030000001,437911.004,431502.00000000006,428253.988,437687,431969.997,430946.997,422223.0020000001,417799.996,417289.001,419879.01100000006,430018.98799999995,430496.996,431002.997,437989
migration_category,41,1,369082,369497.00500000006,373337,374710.99400000006,388104.006,391243.0040000001,394709.0010000001,407385.00299999997,408189.99799999996,415434,422457.99899999995,422599.003,417781.006,423656.00600000005,421331.9950000001,423362.99199999997,433772.007,432483.993,437091.997,430728.99900000007,426943.001,431686.999,442505.9960000001,453916.00399999996,454568.999,452117.994
migration_category,41,2,390715,389713.0000000001,396370.99500000005,398292.00500000006,412544.99700000003,416811.00200000004,424723.006,436825.997,434340.00500000006,440369.00700000004,443289.992,442568.9930000001,435275.00100000005,438885.006,432487.9959999999,429249.001,438673.0010000001,432962.997,431945.0029999999,423231.99399999995,418817.002,418313,420902.001,431037.99700000003,431522.00399999996,432029.99500000005
migration_category,42,1,371785,372363.9970000001,371809.00100000005,373766.003,374675.00299999997,388036.00399999996,391382.003,395084.00399999996,407830.0020000001,408639.99999999994,415883.01000000007,422905.995,423054.008,418255.00999999995,424134.005,421819.0040000001,423854.99600000004,434253.9920000001,432972.001,437579.99900000007,431228.005,427453.99799999996,432198.00000000006,443005.99899999995,454404.9980000001,455066.00100000005
migration_category,42,2,390931,393801.0069999999,392062.001,397146.00600000005,398700.9989999999,412927.99499999994,417327.99799999985,425391.00299999997,437539.996,435059.99899999995,441090.00000000006,444009.005,443289.99500000005,436010.9969999999,439626.99700000003,433241.0010000001,430010.996,439426.99899999995,433723.99700000003,432712.005,424008.98900000006,419606.008,419107.001,421695.00299999997,431827.99700000003,432317
migration_category,43,1,357548,374668.99100000004,374355.99700000003,372079.994,373609.9930000001,374509.007,388046.003,391609.01,395390.005,408120.99899999995,408936.005,416178.9980000001,423197.994,423354.997,418575.99900000007,424455.998,422152.007,424194.004,434581.00399999996,433305.9909999999,437914.00099999993,431572.9989999999,427811.00399999996,432558.00100000005,443354.00399999996,454741.00499999995
migration_category,43,2,373512,393597.0020000001,395793.00399999996,392648.003,397396.99700000003,398942.997,413281.99999999994,417821.996,425932.99899999995,438070.997,435599.00299999997,441628.99499999994,444546.998,443830.002,436567.9930000001,440188.006,433816.00500000006,430593.99700000003,440002.995,434307.99799999996,433300.99999999994,424611.002,420221.001,419725.99199999997,422314.009,432443.00399999996
migration_category,44,1,334057,360040.98900000006,376327.9980000001,374468.003,371817.0100000001,373338.995,374417.004,388132.99999999994,391766.998,395551.00899999996,408265.9999999999,409087.995,416329.0019999999,423345.003,423510.999,418752.997,424633.997,422342.999,424387.997,434763.00100000005,433497.00100000005,438105.004,431777.002,428027.999,432775.999,443558.00600000005
migration_category,44,2,346374,375861.01199999993,395307.9990000001,396223.00200000004,392782.99199999997,397520.00599999994,399183.996,413640.0069999999,418225.009,426333.001,438458.99799999996,435994.99799999996,442025.992,444944.0040000001,444230.007,436984.99999999994,440609.988,434250.99399999995,431037.99199999997,440441.003,434754.002,433752.9989999999,425077.996,420697.9919999999,420209.00099999993,422798.00100000005
migration_category,45,1,328451,336179.99700000003,361401.992,376266.008,374066.99999999994,371417.999,373102.00200000004,374363.00800000003,388125.99299999996,391760.99799999996,395546.999,408246.999,409074.9959999999,416313.99999999994,423326.995,423501.99399999995,418764.00099999993,424647.00200000004,422367.0079999999,424417.999,434781.00000000006,433524.0089999999,438131.996,431817.001,428081.99400000006,432830.994
migration_category,45,2,339272,348373.00299999997,377270.001,395544.0019999999,396182.00399999996,392740.98999999993,397580.99,399369.99799999996,413854.0109999999,418437.01,426540.00200000004,438655.99399999995,436199.996,442231.99900000007,445148.00099999993,444439.99899999995,437210.99799999996,440840.99999999994,434495.9979999999,431294.00499999995,440688.99700000003,435011.00499999995,434017,425355.995,420988.9969999999,420505.999
migration_category,46,1,335723,330254.00700000004,337342.99999999994,361249.00100000005,375764.99799999996,373564.997,371070.99600000004,372919.999,374247.00299999997,387991.008,391627.99799999996,395417.00600000005,408099.004,408935.0070000001,416170.00899999996,423177.99500000005,423363.0000000001,418648.008,424531.007,422264.993,424320.00100000005,434670.002,433423,438029.99500000005,431731.00299999997,428010.00000000006
migration_category,46,2,345855,340956.003,349552.00200000004,377372.00100000005,395364.999,395989.994,392653.99499999994,397603.00399999996,399435,413903.995,418483.0060000001,426584.004,438685.99700000003,436238.0069999999,442269.99600000004,445186.99899999995,444481.992,437272.0019999999,440906.99999999994,434577.008,431388.01,440772,435104.006,434118.998,425474.0040000001,421120.00100000005
migration_category,47,1,342567,337213.00399999996,331205.01300000004,337140.99700000003,360710.003,375182.0040000001,373119.994,370785.00200000004,372694.9979999999,374029.9980000001,387757.00299999997,391394.99199999997,395186.004,407850.00200000004,408692.998,415925.007,422927.9979999999,423123.99600000004,418431,424315,422064.00000000006,424122.0019999999,434458.997,433221.997,437829.00299999997,431547.007
migration_category,47,2,352993,347314.003,341979.0110000001,349617.00100000005,377160.007,395110.995,395821.0059999999,392595.00100000005,397577.002,399413.998,413865.00200000004,418442.99000000005,426538,438625.99199999997,436187.99500000005,442220.0039999999,445135.999,444436.99,437247.009,440884.99299999996,434572.98900000006,431396.0050000001,440770.014,435114.9939999999,434137.99899999995,425510.988
migration_category,48,1,346674,343738.0000000001,337906.993,330889.002,336571.00200000004,360078.00399999996,374628.0079999999,372709.00299999997,370439.0080000001,372358.00599999994,373703.99700000003,387410.012,391051.01100000006,394842.993,407488.0029999999,408340,415566.99199999997,422566,422772.0040000001,418102.99600000004,423987.004,421750.00100000005,423813.99399999995,434136.0040000001,432911.00500000006,437516.9910000001
migration_category,48,2,356882,354174.00299999997,348102.99899999995,341917.0030000001,349340.993,376826.012,394820.996,395619.99799999996,392436.99,397417.9980000001,399259.99700000003,413693.00800000003,418266.0030000001,426355.99900000007,438428.002,436000.0020000001,442031.99700000003,444949.006,444254.0019999999,437084.0059999999,440728.00399999996,434433.01,431270.00599999994,440635.99399999995,434991.997,434024.99799999996
migration_category,49,1,360419,347525.995,344157.9929999999,337414.98999999993,330208.995,335889.001,359442.0040000001,374073.001,372210.00200000004,369960.99600000004,371889,373246.989,386931.00399999996,390573.99000000005,394368.00200000004,406992.00200000004,407853.001,415074.004,422067.999,422284.001,417639.99900000007,423524.0070000001,421302.9970000001,423372.996,433679.998,432465.004
migration_category,49,2,370238,357772.00100000005,354711.00700000004,347870.99799999996,341521.99999999994,348931.99899999995,376437.004,394475.992,395303.00200000004,392132,397111.0090000001,398957.99700000003,413368.999,417938.9979999999,426022.004,438077.005,435660.004,441692.0019999999,444607.9960000001,443918.00200000004,436770.997,440419.00399999996,434144,430996.999,440351.00299999997,434721.0090000001
migration_category,50,1,373388,360938.99700000003,347692.99999999994,343481.00099999993,336575.004,329413.994,335195.005,358793.99500000005,373423.008,371573.992,369348.002,371286.00100000005,372654.997,386313.9980000001,389958.997,393754.00599999994,406356.00499999995,407223.998,414439.995,421425.99799999996,421653.993,417036.0100000001,422920.00000000006,420714.99900000007,422791.9969999999,433080.99700000003
migration_category,50,2,384203,370881.9980000001,358118.0029999999,354350.99999999994,347362.99499999994,341035.00299999997,348506.98399999994,376034.00100000005,394058.998,394884.001,391724.998,396700.00299999997,398553.0049999999,412943.00899999996,417508.995,425584.00399999996,437622.0069999999,435217.00099999993,441248.0079999999,444162.00099999993,443479.01300000004,436355.995,440008.994,433755.00399999996,430623.0010000001,439967
migration_category,51,1,385363,373578.99100000004,360813.001,346827,342462.997,335609,328590.99799999996,334476.999,358043.01000000007,372628.999,370799.004,368596.002,370544.99299999996,371924.999,385556.00000000006,389202,392999.9970000001,405576.0009999999,406452.01,413661.998,420639.99799999996,420879.984,416289.00500000006,422170.9999999998,419983.005,422069.00500000006
migration_category,51,2,399629,384554.9960000001,370966.99300000013,357585.9919999999,353680.999,346717.9980000001,340484.005,348025.00000000006,375517.001,393496.98999999993,394321.006,391175.005,396147.991,398005.9990000001,412372.0029999999,416933.99900000007,425000.99899999995,437021.008,434628.005,440656.99499999994,443571.002,442894.998,435797.002,439456.00700000004,433223.996,430107.9950000001
migration_category,52,1,375791,385232.999,373156.00100000005,359711.996,345625.00000000006,341307,334595.996,327730.0020000001,333651.998,357148.99499999994,371689.0030000001,369877.999,367699.99999999994,369659.9999999999,371052.00500000006,384653.001,388300.99600000004,392099.01000000007,404646.985,405532.99700000003,412736.99399999995,419706.0079999999,419957.002,415395.0030000001,421275.001,419108.00299999997
migration_category,52,2,389004,399658.99400000006,384340.99199999997,370204.99500000005,356725.99,352844.99199999997,345977.9999999999,339847.99299999996,347406.997,374832.00500000006,392764.995,393586.9980000001,390455.99199999997,395427.00299999997,397290.00100000005,411629.992,416188.003,424245.999,436244.98699999996,433863.99799999996,439892.9989999999,442806.99499999994,442135.9980000001,435066.99,438732.001,432522.98900000006
migration_category,53,1,383976,375399.99900000007,384488.996,371782.999,358247,344246.9980000001,340063.006,333504.00499999995,326730.002,332656.993,356077.00000000006,370569.997,368779.00600000005,366628.002,368597.99199999997,370002,383571.007,387218.00200000004,391018.002,403536.99799999996,404432.002,411627.98800000007,418585.99799999996,418849.9979999999,414317.999,420194.991
migration_category,53,2,397129,388861.00000000006,399221.997,383394.99899999995,369176.99700000003,355750.98799999995,351962.00200000004,345199.00000000006,339125.012,346674.99199999997,374028.997,391911.99700000003,392734.002,389616.99799999996,394585.994,396454.007,410768.006,415320.997,423366.99600000004,435343.992,432976.99600000004,439005.014,441918.00099999993,441255.003,434214.99700000003,437886.00200000004
migration_category,54,1,382550,383238.00599999994,374413.99899999995,382835.99600000004,370039.99199999997,356589.99499999994,342763.995,338723.00099999993,332260.995,325550.99700000003,331480.9910000001,354818.99899999995,369261.006,367491.00700000004,365368.00100000005,367349.99900000007,368766.00100000005,382297.99800000014,385945,389745.0010000001,402230.99699999986,403137.001,410325.002,417269.997,417547.00499999995,413048
migration_category,54,2,395541,396733.9980000001,388243.99299999996,398062.9959999999,382160.99700000003,368001.9929999999,354699.002,351009.99799999996,344308.0080000001,338266.998,345806.0029999999,373085.9959999999,390914.999,391734.00099999993,388636.00100000005,393602.00600000005,395476.005,409760.9959999999,414306.99399999995,422342.9959999999,434294.99700000003,431941.00200000004,437968.006,440881.00499999995,440225.00700000004,433217.002
migration_category,55,1,385620,381520.99499999994,381935.00099999993,372575.99899999995,380819.009,368100.001,354820.99799999996,341182.99999999994,337229.9959999999,330837.996,324194.998,330126.999,353377.0060000001,367762.99400000006,366014.998,363921.01199999993,365915.997,367343.006,380835.997,384480.999,388279.994,400731.00600000005,401649.005,408823.993,415756.99199999997,416047.006
migration_category,55,2,396674,394928.007,395883.99900000007,386946.997,396618.99500000005,380773.992,366743.0020000001,353571.996,349941.001,343278.00200000004,337270.99400000006,344801.00899999996,371997.999,389769.99900000007,390587.99400000006,387507.99600000004,392470.99299999996,394351.998,408603.9969999999,413143.995,421166.00300000014,433091.004,430750.996,436776.994,439689.997,439042.006
migration_category,56,1,381730,384286.00100000005,379961.006,379825.99500000005,370391.9959999999,378606.99499999994,366046.9909999999,352952,339452,335560.007,329242.004,322668.00600000005,328602.9969999999,351755.998,366080.01199999993,364356.00100000005,362293.00499999995,364299.0060000001,365739.00000000006,379186.999,382830.006,386629.001,399040.996,399967.003,407130,414048.999
migration_category,56,2,396568,395907.00000000006,393954.99299999996,394455.00099999993,385442.998,395086.9959999999,379363.993,365466.99199999997,352387.99799999996,348791.99299999996,342168.9920000001,336199.99899999995,343718.00499999995,370827.001,388538.994,389355.9930000001,386297.001,391258,393144.004,407363.00099999993,411895.99600000004,419903.0099999999,431799.00200000004,429475.993,435500.00800000003,438412.009
migration_category,57,1,381994,380143.00600000005,382460.99999999994,377651.998,377399.00200000004,368038.99500000005,376292.99100000004,363901.001,350942.9970000001,337558.992,333731.00299999997,327489.001,320990.00000000006,326924.99799999996,349970.98800000007,364230.00500000006,362530.006,360501.9959999999,362521.013,363971.99900000007,377372.007,381012.00700000004,384808.999,397179.00299999997,398116.99799999996,405266.0019999999
migration_category,57,2,396700,395620.9960000001,394771.004,392404.007,392801.9980000001,383830.99900000007,393500.001,377906.003,364106.99700000003,351102.004,347543.007,340960.999,335032.99199999997,342538.99,369556.0029999999,387204.002,388022.003,384984.9920000001,389942.001,391834.99499999994,406018.9960000001,410544.002,418534.99899999995,430400.00000000006,428096.00400000013,434116.996
migration_category,58,1,376158,380131,378091.99,379920.99899999995,375029.99899999995,374793.996,365576.996,373871.01099999994,361603.997,348762.004,335500.99600000004,331740.0039999999,325577.99500000005,319155.99499999994,325090.0070000001,348022.00800000003,362209.011,360537.006,358545.00399999996,360576.99900000007,362040.001,375388.005,379024.00100000005,382817.9980000001,395143.987,396094.00100000005
migration_category,58,2,390534,395599,394354.00299999997,393107.0069999999,390653,391057.00500000006,382181.9930000001,391876.00599999994,376375.99899999995,362659.00100000005,349732.995,346211.99600000004,339675.99600000004,333788.996,341282.997,368201.999,385784.00200000004,386604.00599999994,383590,388541.99700000003,390444,404587.00299999997,409104.006,417077.9980000001,428911.999,426626.99799999996
migration_category,59,1,367031,374101.0019999999,377865.991,375387.99700000003,377098.003,372255.006,372095.995,363028.99799999996,371312.00299999997,359152.005,346432.99899999995,333304.99899999995,329613,323533,317192.99,323122.007,345929.983,360042.001,358399.00200000004,356446,358489.995,359966.00000000006,373257.0040000001,376888.001,380680.98999999993,392955.99500000005
migration_category,59,2,380690,389279.00399999996,394168.00099999993,392558.003,391230.999,388794.00299999997,389250.001,380475.001,390157.999,374739.01099999994,361108.98899999994,348263.997,344783.995,338295.99899999995,332454.00700000004,339934.00099999993,366748.99600000004,384262.003,385084.001,382096.00399999996,387043.995,388952.003,403056.00300000014,407564.997,415521,427320.00300000014
migration_category,60,1,357667,364747.0010000001,371622.005,374945,372392.00899999996,374102.00399999996,369359.9969999999,369275.99299999996,360321.006,368568.9960000001,356524.006,343936.99900000007,330947.99700000003,327327.999,321334.003,315079.01,321002.007,343676.0020000001,357704.99400000006,356095,354183.005,356240.008,357729.005,370957.99899999995,374584.006,378375.99400000006
migration_category,60,2,371139,379277.00100000005,387692.999,392217.996,390542.004,389232.005,386855,387363.9959999999,378660.99799999996,388313.00099999993,372980.999,359443.00399999996,346685.001,343248.00000000006,336810.002,331015.003,338479.002,365184.997,382625.98799999995,383451.011,380491.9859999999,385433.99600000004,387351.994,401413.00399999996,405912.006,413849.00000000006
migration_category,61,1,344918,355116.00099999993,362028.00100000005,368481.99299999996,371695.0029999999,369173.9970000001,370928.005,366289.006,366245.9960000001,357389.01099999994,365600.999,353677.986,341232.00700000004,328392.002,324844.99700000003,318940.00499999995,312774.009,318687.9990000001,341217.004,355158.991,353585.00299999997,351715.001,353784.999,355288.01099999994,368449.002,372069.99399999995
migration_category,61,2,355399,369613.00399999996,377597.005,385646.009,390077.997,388424.998,387170,384856.99900000007,385389.007,376745.98300000007,386365.99799999996,371128.00100000005,357688.00399999996,345021.002,341627.00299999997,335242.99499999994,329498.9949999999,336945.993,363536.005,380899.99500000005,381732.00599999994,378802.001,383740.003,385666.994,399681.993,404170.009
migration_category,62,1,329845,342188.0009999999,352205,358713.993,365036.99700000003,368230.002,365784.99100000004,367586.00299999997,363022.993,363002.99899999995,354253.995,362425,350634.99299999996,338337.99999999994,325652.992,322182.006,316369.99999999994,310295.994,316198.995,338573.002,352423.006,350884.99500000005,349060.99000000005,351144.005,352661.00000000006,365748.9960000001
migration_category,62,2,340403,353728.998,367773.00100000005,375416.006,383356.988,387776.99600000004,386183.00299999997,384988.0030000001,382714.00100000005,383257.002,374679.002,384266.002,369128.998,355791.998,343221.003,339873.00100000005,333546.999,327855.9909999999,335284.998,361753.00500000006,379037.00299999997,379875.00000000006,376976.00200000004,381907.99199999997,383846.00099999993,397810.99700000003
migration_category,63,1,319448,326941.99299999996,339102.997,348711.004,355094.00500000006,361371.001,364585.001,362219.00399999996,364035.99299999996,359538.00100000005,359544.99100000004,350910.9980000001,359039.004,347389.003,335250.0019999999,322727.996,319334.996,313618.99600000004,307641.00000000006,313530.00299999997,335738.998,349491.003,347992.00499999995,346214.995,348311.99999999994,349844.99100000004
migration_category,63,2,331318,338588.99500000005,351767.009,365468.001,373015.99,380926.00399999996,385369.004,383836.00099999993,382678.005,380433.005,380989.005,372480.004,382030.00499999995,367003.00600000005,353772.00700000004,341301.99199999997,338001.99600000004,331736.002,326099.00399999996,333508.001,359846.993,377049.99399999995,377897.0030000001,375030.99700000003,379958.996,381907.994
migration_category,64,1,309720,316323.00100000005,323703.003,335460.00600000005,344914.9960000001,351252.998,357518,360751.0029999999,358441.002,360260.003,355833.005,355869.998,347357.99899999995,355440.99499999994,343941.002,331967.007,319615.00299999997,316303.00100000005,310685.998,304806.995,310679.99499999994,332713.011,346360.002,344902.998,343178.0090000001,345287.989
migration_category,64,2,321158,329367.001,336545.006,349401.00200000004,362978.00499999995,370501.9999999999,378409.99799999996,382873.005,381381.00499999995,380249.00700000004,378035.00100000005,378605.996,370169.0109999999,379684.99,364771.00600000005,351651.992,339288.0149999999,336036.99700000003,329833.001,324253.005,331642.001,357845.999,374964.00700000004,375822.003,372992.003,377916.003
migration_category,65,1,294558,306310.999,312845.0070000001,319920.99899999995,331513.989,340890.004,347209.997,353456.005,356680.003,354415.988,356239.991,351889.006,351957.99,343577.004,351610.99600000004,340271.00299999997,328469.99799999996,316298.002,313068.005,307554.00200000004,301778.005,307629.988,329475.999,343014,341602.00600000005,339930.004
migration_category,65,2,308545,319024.997,327149.999,334076.01,346822.006,360334.998,367858,375757.99899999995,380219.99100000004,378758.99600000004,377656,375476.0089999999,376063.993,367706.998,377183.998,362393.001,349393.00299999997,337140.007,333940.997,327804.00099999993,322284.00099999993,329652.00299999997,355712.0029999999,372740.008,373608.0019999999,370818.00200000004
migration_category,66,1,282292,290908.005,302556.99799999996,308843.00100000005,315825.002,327312.9930000001,336628.999,342922.007,349123.9950000001,352328.00000000006,350114.99499999994,351944.997,347676.99199999997,347782.00200000004,339538.00099999993,347521.99999999994,336350.99899999995,324732.99999999994,312748.99499999994,309604.0090000001,304196.00600000005,298526.0070000001,304355.992,326003.00399999996,339424.999,338059.99999999994
migration_category,66,2,295709,306282.995,316674.00299999997,324556.995,331424.99899999995,344113.99700000003,357581.00000000006,365098.994,372971.9959999999,377421.995,375997.0029999999,374924.004,372782.99700000003,373389.012,365118.0029999999,374552.006,359893.998,347019.004,334881.99600000004,331735.99900000007,325667.0020000001,320211.995,327555.0040000001,353464.0069999999,370397.002,371281.001
migration_category,67,1,268525,278440.99600000004,287005.00000000006,298351.00800000003,304557.00399999996,311494.011,322894.008,332139.995,338385.99500000005,344534.0040000001,347719.00499999995,345562.997,347402.00499999995,343222.9930000001,343365,335267.99799999996,343197.99799999996,332206.999,320781.008,308994.005,305934.99199999997,300636.99899999995,295076.99700000003,300880.996,322317.002,335617.001
migration_category,67,2,284923,293340.999,303825.007,313955.99900000007,321775.00200000004,328635.994,341286.01399999997,354703.0070000001,362200.00800000003,370035.009,374477.01100000006,373088.99799999996,372049.00000000006,369948.99999999994,370575.9930000001,362396.992,371786.98699999996,357268.99299999996,344522,332506.98900000006,329415.99700000003,323418.99600000004,318030.99799999996,325346.996,351095.98699999996,367932.997
migration_category,68,1,266443,264503.01,274358.99500000005,282676.994,293874.99899999995,300049.998,306959.009,318258.00500000006,327414.00000000006,333602.99600000004,339695.001,342863.999,340769.9930000001,342617.995,338535.99899999995,338717.995,330775.99500000005,338648.997,327848.9959999999,316623.9970000001,305040.995,302070.0030000001,296887.00100000005,291440.998,297216.999,318427.99199999997
migration_category,68,2,285437,282345,290701.00100000005,300944.99799999996,310987.99500000005,318789.995,325661.00000000006,338264.003,351607.99800000014,359074.00100000005,366872.995,371304.0040000001,369955.99499999994,368953.99700000003,366898.99400000006,367549.99799999996,359467.99899999995,368811.00399999996,354441.989,341832.99700000003,329947.009,326912,320992.001,315674,322961.99899999995,348542.0039999999
migration_category,69,1,260409,262011.997,260226.00000000003,269838.991,278060.997,289150.004,295307.999,302177.999,313352.99400000006,322403.99199999997,328534.99000000005,334569.996,337725.00800000003,335698.003,337558.99399999995,333578.00600000005,333805.006,326028.00600000005,333838.997,323242.006,312226.00800000003,300855.99600000004,297976.99600000004,292911.99900000007,287585.005,293327.993
migration_category,69,2,278924,282521.999,279503.999,287655.994,297806.99999999994,307803.998,315601.00499999995,322474.003,335008.999,348267.998,355701.003,363460.00400000013,367880.998,366579.00800000003,365617.017,363611.99299999996,364286.00399999996,356311.002,365604.002,351395.998,338933,327184.994,324209.99700000003,318370.004,313127.9980000001,320385.006
migration_category,70,1,249450,255612.99899999998,257312.99899999998,255503.005,264999.001,273158.99799999996,284145.993,290276.004,297089.00899999996,308122.005,317064.00899999996,323134.991,329111.997,332252.994,330299.0029999999,332175.997,328303.99500000005,328579,320976.99700000003,328721.996,318337.9879999999,307545.00399999996,296397.995,293613.999,288673.005,283470.01399999997
migration_category,70,2,271460,275759.00200000004,279359.99999999994,276277.00100000005,284353.99500000005,294449.0019999999,304406.00100000005,312188.99899999995,319050.99700000003,331504.01300000004,344670.994,352068.003,359786.001,364198.001,362944.0019999999,362026.002,360075.003,360777.005,352915.9919999999,362156.00100000005,348118.998,335813.00700000004,324211.005,321301.00499999995,315547.007,310384.99500000005
migration_category,71,1,249080,244422.99700000003,250574.99599999998,252181.00199999992,250465.00600000002,259871.995,267975.993,278841.996,284927.004,291669.99799999996,302552.996,311380.99700000003,317389.00099999993,323303.008,326431.99700000003,324558.99399999995,326453.9960000001,322699.99600000004,323025.001,315608.012,323282.99999999994,313125.998,302568.007,291657.997,288971.994,284160.00600000005
migration_category,71,2,271486,268024.992,272318.007,275781.997,272760.99799999996,280795.99299999996,290838.99400000006,300748.005,308504.0030000001,315343.995,327706.99399999995,340773.99799999996,348133.00299999997,355804.997,360207.004,359004.99899999995,358136.99899999995,356243.994,356976.997,349240.00500000006,358423.0080000001,344570.00100000005,332431.008,320986.999,318145.001,312484.001
migration_category,72,1,249065,243614.995,239174.99699999997,245117.00500000006,246738.99999999997,245155.99899999998,254471.00300000003,262503.995,273225.99799999996,279253.011,285922.00499999995,296646.99799999996,305352.002,311293.997,317145.00099999993,320263.00700000004,318477.992,320391.00399999996,316765.00800000003,317142.009,309923.00100000005,317521.99299999996,307605.9999999999,297296.004,286634.99900000007,284052
migration_category,72,2,275608,267674.006,264324.993,268477.00600000005,271916.99000000005,268997.003,276994.999,286975,296818.997,304537.994,311350.996,323615.99700000003,336575.002,343892.005,351516.005,355908.001,354763.99199999997,353946.99600000004,352118.99999999994,352887.002,345281.99299999996,354401.99899999995,340750.012,328789.00099999993,317514,314743
migration_category,73,1,252979,243099.99699999997,237902.99800000005,233486.998,239320.00199999998,240987.98999999996,239547.001,248753.99000000002,256695.005,267254.006,273217.001,279806.00600000005,290360.997,298938.002,304811.0010000001,310594.0069999999,313702.00000000006,312011.998,313946.007,310455.00200000004,310889.9930000001,303878.99600000004,311396.00499999995,301736.99999999994,291687.98900000006,281290
migration_category,73,2,280127,271326,263599.003,260229.996,264336.99799999996,267780.99899999995,264978.007,272926.992,282828.00399999996,292593.998,300270.003,307053.99600000004,319210.9979999999,332050.99100000004,339323,346894.00599999994,351275.999,350195.00000000006,349434.00200000004,347677,348482.00200000004,341016.999,350071.995,336633.00200000004,324865.00800000003,313768.993
migration_category,74,1,263625,246351.00699999998,236873.002,231730.00499999998,227443.99699999997,233191.004,234909.00199999998,233605.00999999995,242680.00600000002,250509.999,260894.00100000002,266788.005,273287.999,283661.003,292102,297902.989,303614.997,306715.00800000003,305125.998,307082.997,303736.99100000004,304233,297441.00200000004,304870,295482,285710.989
migration_category,74,2,294842,275299.001,266770.006,259117.00099999996,255821.99900000004,259909.00400000004,263363.008,260678.004,268562.00200000004,278369.999,288050.99299999996,295678.002,302426.00499999995,314463.997,327172.998,334394.008,341909.00600000005,346280.99199999997,345266.008,344567,342885.98900000006,343729.00800000003,336419.004,345401.99499999994,332193.994,320632.01000000007
migration_category,75,1,283089,256044.003,239464.00100000002,230186.00100000002,225191.99599999998,221070.99399999995,226727.00100000005,228482.999,227309.00299999994,236229.99400000004,243940.99199999997,254133.00500000003,259950.999,266355.998,276531.998,284829.993,290552.00099999993,296191.006,299283.00100000005,297802.001,299786.00000000006,296593.00299999997,297152.005,290593.005,297927.00200000004,288827
migration_category,75,2,316379,289192.004,270198.995,261798.998,254311.995,251122.994,255192.00400000002,258649.005,256077.997,263888.997,273594.0090000001,283179.996,290749.9980000001,297456.9939999999,309363.01,321930.00999999995,329096.00500000006,336551.008,340909.004,339966.005,339335.003,337734.995,338621.002,331475.99700000003,340380.994,327419.99900000007
migration_category,76,1,211580,274089.00000000006,248193.005,232093.001,223107.00200000004,218296.00999999998,214350.00299999997,219895.00699999998,221678.001,220632.001,229385.00200000004,236961,246947.001,252681.009,258979.99500000002,268947.999,277089.99299999996,282730.002,288291.002,291375.00700000004,290010.99100000004,292021.00200000004,288991.9960000001,289616.00899999996,283304.9920000001,290536.00700000004
migration_category,76,2,240291,309559.004,283193.98899999994,264611.001,256429.001,249143.997,246070.99299999996,250116.00400000002,253566.00100000002,251113.00299999997,258840.99599999998,268433.997,277914.002,285418.997,292076.004,303839.005,316249.0069999999,323355.0019999999,330740.001,335085.00600000005,334220.009,333660.99499999994,332149.004,333080.002,326112.99999999994,334932.007
migration_category,77,1,200400,204124.00400000004,264803.00500000006,239823.001,224299.00000000003,215642.99700000003,211023.00000000003,207246.98699999996,212667.00000000003,214473.001,213554,222121.002,229550.00400000002,239310.99300000002,244948.005,251135.01300000004,260879.00199999998,268856.00399999996,274407,279883.00399999996,282960.998,281720.005,283759.007,280901.99799999996,281595.007,275545.00299999997
migration_category,77,2,230369,234506.99100000004,302351.004,276659.993,258584.00600000002,250656.005,243589.00799999997,240633.99200000003,244645.009,248083.991,245754.99599999998,253392.002,262857.998,272219.99600000004,279650.00399999996,286251.00099999993,297853.007,310092.9979999999,317128.99799999996,324441.0020000001,328770.00000000006,327987.993,327506.00100000005,326087.99,327068.0030000001,320294.00000000006
migration_category,78,1,195034,192450.99899999998,196421.998,254915.00299999997,230959.00799999997,216057.99899999998,207745.99999999997,203319.99100000004,199719.00300000006,205002.995,206825.99099999995,206034.004,214397.994,221662.005,231177.994,236711.00600000005,242775.00699999998,252278.99899999998,260077.008,265533.004,270920.99999999994,273991.99299999996,272882.005,274948,272272.99899999995,273038
migration_category,78,2,225984,224110.004,228389.00199999998,294523.99799999996,269614.993,252099.00300000003,244441.00800000003,237601.00799999997,234769.99700000003,238740.005,242166.00499999995,239966.99499999997,247502.99799999996,256827.00199999995,266058.006,273402.01000000007,279936.99900000007,291365.00000000006,303414.002,310375.00099999993,317604.99799999996,321917.00600000005,321223.9930000001,320824.996,319507.996,320540.002
migration_category,79,1,174091,186278.995,184256.00199999998,188214.00000000003,244442,221572.002,207323.998,199368,195144.991,191727.003,196863.998,198698,198034.00100000005,206173.00199999998,213256.00000000003,222506.99800000002,227925.005,233853,243098.00399999996,250705.99599999998,256060.994,261352.00100000005,264411.996,263440.995,265536.003,263052.005
migration_category,79,2,206543,219022.007,217489.999,221727.991,286077.99999999994,262021.99799999996,245100.998,237723.005,231126.99200000003,228423.99700000003,232350.002,235758.00000000003,233698.01399999994,241116.999,250284.996,259368.994,266615.01,273076.00000000006,284306.998,296148.006,303024.003,310165.004,314454.99399999995,313858.997,313546.99100000004,312340.00700000004
migration_category,80,1,149571,165264.008,177301.99899999995,175567.997,179539.99399999998,233371.994,211641.001,198070.00300000003,190488.99900000004,186477.99499999994,183256,188232.003,190074.009,189536.994,197427.995,204312.01499999998,213275.00300000003,218564.996,224347.00300000003,233313.99300000002,240716.99999999997,245959,251145.993,254195.006,253367.00100000005,255489.99599999996
migration_category,80,2,181398,199302.995,211663.99599999996,210293.99899999998,214529.012,276962.99899999995,253812.00000000003,237521.00600000002,230440.996,224102.998,221540.00300000003,225415.98999999996,228801.011,226884.006,234173.009,243166.99899999998,252084.99400000004,259218.99600000004,265592.997,276608.005,288218.00800000003,294998.002,302038.007,306304.00100000005,305810.999,305594.00200000004
migration_category,81,1,127662,141025.003,156255.00400000002,167837.00400000002,166426.00100000002,170403,221689.99899999995,201137.99699999997,188278.99200000003,181092.98799999998,177311.00100000002,174294.002,179098.00100000002,180941.005,180531.00500000006,188152.98899999997,194820.00000000003,203470.002,208619.99999999997,214242,222910.00199999998,230091.99800000002,235212.99399999998,240287.009,243317.003,242641.00799999997
migration_category,81,2,159103,174142.00000000003,191665.00400000004,203686.001,202523.001,206756.99599999996,267105.99399999995,244915.99899999998,229296.00000000003,222533.003,216473.998,214060.99800000002,217880.003,221234.98999999996,219469.99800000002,226612.998,235411.00599999996,244141,251148.991,257423.997,268195.003,279547.99,286221.99700000003,293148.01300000004,297385.996,297002.993
migration_category,82,1,127182,119473.00099999997,132352.99000000002,146811.004,157931.00900000002,156844.001,160799.003,209364.99700000003,190045.007,177935.00100000002,171170.99899999998,167631.99099999998,164833.00000000003,169451.99899999998,171289.00500000003,171004.998,178334.00399999996,184763.001,193074.00500000006,198071.00900000005,203519.001,211866.00099999996,218807.999,223796.00699999998,228745,231753.99099999998
migration_category,82,2,161481,151850.00500000003,166527.00199999998,183425.00499999998,195107.004,194163.99300000002,198379.99300000002,256451.00200000004,235285.00999999998,220382.00199999995,213960.00600000002,208201.00400000002,205948.998,209701.996,213020.99999999997,211416.00700000004,218392.99800000005,226971.99500000002,235490.99599999998,242355.99900000004,248515.00799999994,259014.99800000002,270083.996,276636.001,283435.00399999996,287638.998
migration_category,83,1,120059,118029.99900000001,111205.001,123307.99299999999,136981.004,147605,146818.001,150708.99399999998,196391.00100000002,178358.99399999998,167037.99599999996,160722.00499999998,157441,154873.011,159290.994,161117.00500000003,160956.999,167966.997,174136.005,182084.00700000004,186911.99599999996,192169.00299999997,200171.003,206855.00400000004,211697.998,216509.00199999998
migration_category,83,2,155575,153066.008,144244.00300000003,158320.99099999998,174572.002,185884.009,185155.99599999996,189327.98700000002,244917.99800000002,224841.99999999997,210708.01099999997,204651.00099999996,199216.00199999995,197136.01200000002,200813.99599999998,204089.008,202649.00199999998,209441.004,217773.99499999997,226058.00200000007,232757.00200000004,238782.00299999997,248980.99799999996,259735.00499999998,266149.996,272806.011
migration_category,84,1,109871,110389.003,108860.00300000003,102643.99999999999,113967.00199999998,126815.00500000002,136882.00100000002,136362.99899999998,140157.002,182800.998,166107.99500000002,155613.98799999998,149771.99899999998,146764.011,144433.99999999997,148640.999,150448.00299999997,150407.997,157074.999,162962.008,170519.99300000002,175163.001,180212.99899999998,187844.001,194249.99999999997,198933.00300000008
migration_category,84,2,145758,146351.002,144305.998,136100.997,149556.006,165105.999,175997.00200000004,175470.99099999998,179575.00999999995,232475.00799999997,213560.00699999998,200247.00300000003,194580.994,189492.00100000005,187595.99899999995,191190.01,194408.99499999997,193142.997,199726.99699999997,207786.00199999998,215804.001,222317.99600000007,228188.99900000004,238056.00800000006,248460.009,254720.99300000002
migration_category,85,1,97454,99949.00000000001,100771.997,99443.00300000001,93867,104380.00899999999,116346.996,125795.00800000002,125516.99900000001,129181.00200000001,168649.00599999996,153342.003,143709.00200000004,138361.001,135639.002,133558.002,137539,139317.99,139392.997,145692.99699999997,151276.00199999998,158418.00100000002,162858.99999999997,167684.00500000003,174921.999,181027.996
migration_category,85,2,132931,135950.999,136828.001,135012.996,127474.003,140257.999,155040.998,165448.994,165117.00299999997,169129.00600000002,219131.003,201448.003,189007,183753.998,179034.99899999998,177333.007,180830.00299999997,183984.00400000002,182898.00299999997,189247.998,197003.00300000003,204728.991,211033.00499999998,216730.99699999997,226231.00299999997,236250.993
migration_category,86,1,84702,87593.004,90211.99699999999,91029.00100000002,89914.998,84978.992,94642.00300000001,105668.994,114447.99500000001,114380.999,117885.002,154063.998,140176.00199999998,131431.007,126594.994,124167.99200000001,122340.99900000001,126084,127825.00099999999,128011.00900000002,133918.994,139177.00400000002,145876.99699999997,150100.99400000004,154685.00600000002,161502.99500000002
migration_category,86,2,120253,122780.991,125928.99700000003,126832.00200000004,125269.011,118420.005,130474.99099999998,144412.99899999998,154284.99699999997,154135.004,158032.001,204937.00500000003,188546.99400000004,177023.99999999997,172207.004,167878.99899999998,166378.998,169767.997,172844,171941.00599999996,178032,185455.00399999996,192856.996,198927.99799999996,204432.99699999997,213530.002
migration_category,87,1,73426,75105.998,78061.002,80490.00600000001,81307.996,80402.99199999998,76082.993,84855.992,94902.996,102967.99199999998,103084.003,106398.00199999998,139206.00199999998,126754.999,118914.99799999999,114602.00000000001,112476.00200000001,110905.00200000001,114398.98999999999,116090.991,116377.99499999998,121873.98800000001,126787.99500000001,133024.99300000002,137012.99600000004,141337.99099999998
migration_category,87,2,107756,109803.999,112523.002,115524.99600000001,116465.001,115157.99500000001,109001.00199999998,120262.00299999998,133286.99699999997,142571.995,142592.002,146348.998,189972.997,174928.99700000003,164364,160001.00199999998,156079.99700000003,154790.992,158057.99700000003,161043.00099999996,160324.98900000003,166133.99899999998,173191.99200000003,180240.994,186053.001,191342.99599999998
migration_category,88,1,60862,64085.99899999999,65940.997,68648.996,70892,71701.00899999999,70977.99900000001,67241.004,75104.99599999998,84143.00499999999,91462.00299999998,91728.00199999998,94824.99399999998,124216.00200000001,113202.007,106272.99999999999,102488.00699999998,100663.99699999999,99348.993,102581.997,104214.99800000002,104591.998,109657,114207.00200000001,119963.00299999998,123697.997
migration_category,88,2,93503,97087.01300000002,99382.003,102001.001,104854.99900000001,105825.99699999999,104759.00200000001,99282.99500000001,109698.997,121751.996,130405.00400000002,130579.993,134171.995,174352.99,160697.99300000002,151122.002,147223.98799999995,143725.99199999997,142650.001,145782.00300000003,148661.997,148128.00199999998,153628.99899999998,160291.997,166957.99599999998,172485.99899999995
migration_category,89,1,51373,52185.009000000005,55324.001,57040.997,59502.00299999999,61548.007999999994,62322.994999999995,61755.007000000005,58568.99799999999,65519.00299999999,73534.001,80085.00000000001,80467.997,83321.99799999999,109292.99999999999,99700.001,93676.00599999998,90414,88889.006,87821.998,90787.008,92348.996,92801.00200000002,97420.99199999998,101594,106850
migration_category,89,2,82262,82988.001,86628.00500000002,88865.989,91375.00800000002,94066.00399999999,95045.00799999997,94192.99500000002,89390.99399999999,98917.008,109953.00400000002,117932.99299999999,118246.008,121647.002,158261.998,146020.99300000002,137453.002,134028.995,130958.99600000001,130095.99699999999,133077.991,135838.995,135482.99499999997,140650.998,146892.992,153148.993
migration_category,90,1,170961,173437.00500000003,177981.00499999998,184774.00100000002,192195.99000000002,200701.003,209621.00299999997,217648.99800000002,223699.992,225823.001,233364.001,246525.00399999996,263244.998,277645,292137.99100000004,326679.99899999995,347404.00100000005,359097.99600000004,365418.001,368738.99400000006,370059.009,373423.9980000001,377587.994,381670.01499999996,389478.9989999999,400203.006
migration_category,90,2,349365,345334.00899999996,346169.996,351432.005,359129.99700000003,368948.9930000001,380445.997,391568.9969999999,400540.99999999994,404015.004,415399.99799999996,435170.005,459580.0010000001,481115.0029999999,502718.99299999996,554066.9979999999,587781.0049999999,608707,622766.998,631107.0040000001,636545.9909999999,643173.0000000001,651002.002,657385.9939999998,667724.0069999999,682768.0010000002
